# review cut: final_start=399 snapped=True watermark_crop=True fps=24; generated by scripts/assemble_music_video.py
segment_id,piece,source_file,src_in,src_out,speed_factor,timeline_start,timeline_end,fade_in,fade_out,note
S01,1,S01-01-coastal-town-take-01.mp4,0.042,2.042,1.0028,0.000,2.006,black 1.5s,,six raw clips cut 2/3/2/3/2/3 s
S01,2,S01-02-rail-drops-take-01.mp4,6.000,9.000,1.0028,2.006,5.014,,,
S01,3,S01-03-lighthouse-take-01.mp4,4.000,6.000,1.0028,5.014,7.019,,,
S01,4,S01-04-zinzin-tram-take-01.mp4,9.000,12.000,1.0028,7.019,10.028,,,
S01,5,S01-05-pyaesone-arrival-take-01.mp4,0.042,2.042,1.0028,10.028,12.033,,,
S01,6,S01-06-separate-gazes-take-01.mp4,5.000,8.000,1.0028,12.033,15.042,,,
S02,1,S02-two-journeys-begin-take-01.mp4,0.042,15.042,1.0194,15.042,30.333,,,
S03,1,S03-the-promise-take-01.mp4,0.042,15.042,0.9778,30.333,45.000,,,
S04,1,S04-almost-on-time-take-01.mp4,0.042,15.042,0.9889,45.000,59.833,,,
S05,1,S05-first-downpour-take-02.mp4,0.042,15.042,1.0333,59.833,75.333,,,take-02 selected
S06,1,S06-closed-route-take-01.mp4,2.500,15.042,1.1927,75.333,90.292,,,starts after the storyboard grid that ends at 2.46 s
S07,1,S07-passing-shadows-take-02.mp4,0.042,15.042,0.9833,90.292,105.042,,,take-02; take-01 rejected
S08,1,S08-warm-window-take-01.mp4,0.042,15.042,0.9972,105.042,120.000,,,
S09,1,S09-his-route-take-01.mp4,0.042,15.042,1.0000,120.000,135.000,,,
S10,1,S10-the-charm-falls-take-01.mp4,0.042,15.042,1.0194,135.000,150.292,,,charm still snags on rail
S11,1,S11-recognition-take-01.mp4,0.042,15.042,0.9833,150.292,165.042,,white 0.25s,
S12,1,S12-summer-memory-take-01.mp4,0.042,15.042,0.9972,165.042,180.000,white 0.6s,white 0.25s,memory framed by white dips
S13,1,S13-different-stairways-take-01.mp4,0.042,15.042,1.0000,180.000,195.000,white 0.5s,,
S14,1,S14-wind-and-water-take-01.mp4,0.042,15.042,1.0000,195.000,210.000,,,charm-on-bag error remains
S15,1,S15-doubt-take-01.mp4,0.042,15.042,1.0028,210.000,225.042,,,
S16,1,S16-the-clue-take-01.mp4,0.042,15.042,0.9972,225.042,240.000,,,
S17,1,S17-town-of-reflections-take-01.mp4,0.042,15.042,1.0000,240.000,255.000,,,
S18,1,S18-the-bell-take-01.mp4,0.042,15.042,1.0028,255.000,270.042,,,
S19,1,S19-last-crossing-take-01.mp4,0.042,15.042,0.9778,270.042,284.708,,,charm-on-bag error remains
S20,1,S20-he-calls-out-take-01.mp4,0.042,15.042,1.0417,284.708,300.333,,,charm-on-bag error remains
S21,1,S21-storm-breaks-take-01.mp4,0.042,15.042,0.9806,300.333,315.042,white 0.35s,,take-01; white flash on the climax entry; charm-on-bag error remains
S22,1,S22-where-they-began-take-01.mp4,0.042,15.042,1.0139,315.042,330.250,,,
S23,1,S23-the-final-steps-take-02.mp4,0.042,7.500,1.1569,330.250,338.878,,,take-02 with the duplicated-plush turn (7.5-9.7 s) cut out
S23,2,S23-the-final-steps-take-02.mp4,9.750,15.042,1.1569,338.878,345.000,,,
S24,1,S24-first-sight-take-01.mp4,0.042,8.400,1.7896,345.000,359.958,,,held wide only; close-up with plush/charm errors cut out
S25,1,S25-reunion-take-01.mp4,0.042,15.042,1.0056,359.958,375.042,,,charm-on-bag error remains
S26,1,S26-the-little-promise-take-01.mp4,0.042,15.042,1.0000,375.042,390.042,,,
S27,1,S27-new-morning-take-01.mp4,0.042,4.000,1.0000,390.042,394.000,,,shortened so S28 lands on the final chord; placement error remains
S27,2,S27-new-morning-take-01.mp4,4.083,7.833,1.0000,394.000,397.750,,,
S27,3,S27-new-morning-take-01.mp4,7.917,9.167,1.0000,397.750,399.000,,,
S28,1,S28-final-image-take-01.mp4,3.500,14.500,1.0000,399.000,410.000,,black 3.0s,"hands close-up, dissolve to the held wide, fade to black"
