sheet_id,start_seconds,end_seconds,title,status,storyboard,first_frame
S01,0,15,The town after rain,ready,storyboards/S01.html,frames/S01-01-coastal-town.png
S02,15,30,Two journeys begin,ready,storyboards/S02.html,frames/S02-01-zinzin-tram-stop.png
S03,30,45,The promise,ready,storyboards/S03.html,frames/S03-01-summer-overlook.png
S04,45,60,Almost on time,ready,storyboards/S04.html,
S05,60,75,First downpour,ready,storyboards/S05.html,
S06,75,90,Closed route,ready,storyboards/S06-combined.png,
S07,90,105,Passing shadows,planned,,
S08,105,120,Warm window,ready,storyboards/S08-combined-v2.png,
S09,120,135,His route,ready,storyboards/S09-combined-v2.png,
S10,135,150,The charm falls,ready,storyboards/S10-combined-v2.png,
S11,150,165,Recognition,ready,storyboards/S11-combined.png,
S12,165,180,Summer memory,ready,storyboards/S12-combined.png,
S13,180,195,Different stairways,ready,storyboards/S13-combined-v2.png,
S14,195,210,Wind and water,ready,storyboards/S14-combined.png,
S15,210,225,Doubt,ready,storyboards/S15-combined.png,
S16,225,240,The clue,planned,,
S17,240,255,Town of reflections,planned,,
S18,255,270,The bell,planned,,
S19,270,285,Last crossing,planned,,
S20,285,300,He calls out,planned,,
S21,300,315,Storm breaks,planned,,
S22,315,330,Where they began,planned,,
S23,330,345,The final steps,planned,,
S24,345,360,First sight,planned,,
S25,360,375,Reunion,planned,,
S26,375,390,The little promise,planned,,
S27,390,405,New morning,planned,,
S28,405,410,Final image,planned,,
