audit_index,original_name,renamed_name,segment_id,classification,container_seconds,video_seconds,width,height,fps,codec,audio_present,decode_ok,sha256,duplicate_of,notes,availability
1,Cinematic Anime Video (1).mp4,S09-his-route-take-01.mp4,S09,candidate,15.103991,15.041667,1280,720,24/1,hevc,True,True,2d327bb7541cdd44dcf899ddfafbebf79c8be65d4fd733bc8c822ff9d1e59458,,Searches bakery bench and follows footprints. Review movement and shot timing in edit.,present
2,Cinematic Anime Video (2).mp4,S10-the-charm-falls-take-01.mp4,S10,repair,15.103991,15.041667,1280,720,24/1,hevc,True,True,9c51e17d6f71007cfc2fa348f1c285be33f7b2efd678dda947ed19427bca8480,,At 0-7s charm chain appears caught on rail instead of falling freely from bag; later puddle and walk-away shots are present.,present
3,Cinematic Anime Video (3).mp4,S11-recognition-take-01.mp4,S11,candidate,15.103991,15.041667,1280,720,24/1,hevc,True,True,a686c795cc537734a847a7c70f2b75cfe3eb1d2f150ed85975a5d5dc17911f56,,"Pickup, recognition and stair choice are present; check charm size in close view.",present
4,Cinematic Anime Video (4).mp4,S15-doubt-take-01.mp4,S15,candidate,15.103991,15.041667,1280,720,24/1,hevc,True,True,e96f6d516932d8bea529a36e74fc096a65c072d49aa123372a56d906d7d4af08,,"Climb, empty overlook, disappointed face and plush grip are present.",present
5,Cinematic Anime Video (5).mp4,S18-the-bell-take-01.mp4,S18,review,15.103991,15.041667,1280,720,24/1,hevc,True,True,cf9aa56602bfb88694f1ea8ad17d9372b30f9d497214244257638bcde3767d13,,Bell and both reactions are present; check missing-charm state on Zin Zin bag and storm strength.,present
6,Cinematic Anime Video (6).mp4,S20-he-calls-out-take-01.mp4,S20,repair,15.103991,15.041667,1280,720,24/1,hevc,True,True,4d14bacade0870a30a8bebc94e3a9b8d16b193a3898dc42186a7f1cb19f35fc1,,At about 5-10s spotted charm reappears on Zin Zin bag while Pyae Sone has it. Storm also weaker than instructed.,present
7,Cinematic Anime Video.mp4,S08-warm-window-take-01.mp4,S08,candidate,15.103991,15.041667,1280,720,24/1,hevc,True,True,2e803bf7b82a49454441dbab5f4af170a75604b6a3058781a72393b99f4db7b8,,"Window memory, summer bench and return to present are present. Dissolves replace requested hard cuts.",present
8,Coastal Town Sunset Animation (1).mp4,S06-closed-route-take-01.mp4,S06,repair,15.103991,15.041667,1280,720,24/1,hevc,True,True,30c7b0e11bfbed3b5f070cd55594395657345242e3be4936e5abc18f406ad4a4,,Four-panel source grid appears for about first 1-2s; remaining full-screen story sequence is present.,present
9,Coastal Town Sunset Animation.mp4,S05-first-downpour-take-02.mp4,S05,review,15.103991,15.041667,1280,720,24/1,hevc,True,True,50cd7ed19535b54551d1b1b05afe408a06810607dc5e0101e97baafaf4731e3b,,Alternate to s5.mp4. Same story beats; compare storm and animation before choosing.,present
10,footage.mp4,UNRELATED-office-footage-take-01.mp4,,unrelated,15.103991,15.041667,1280,720,24/1,hevc,True,True,11524c85e2c9a3baa129cd9016d4436e44be5f5dd9f790f587db53ab8fa05784,,Office comedy with different characters; not a music-video segment.,absent
11,Office Chair Tumble (1).mp4,UNRELATED-office-chair-tumble-take-01.mp4,,unrelated,15.103991,15.041667,720,1280,24/1,hevc,True,True,8ca9fc7f5f389ed4e528d03038d285744c9b7fdb220c1d7d78a4f03d1d34e049,,Portrait office comedy; not a music-video segment.,absent
12,Office Chair Tumble (2).mp4,UNRELATED-office-chair-tumble-take-01-duplicate-01.mp4,,duplicate,15.103991,15.041667,720,1280,24/1,hevc,True,True,8ca9fc7f5f389ed4e528d03038d285744c9b7fdb220c1d7d78a4f03d1d34e049,UNRELATED-office-chair-tumble-take-01.mp4,Exact SHA256 duplicate of office-chair-tumble take-01.,absent
13,Rainy Harbor Rail (1).mp4,S07-passing-shadows-take-01-rejected.mp4,S07,rejected,15.103991,15.041667,1280,720,24/1,hevc,True,True,afa55941eec45b7920e753328ea4834cb9df36e9c3807085567a42800e6ad70a,,Four-panel grid occupies opening about 0-3s. Known rejected take; use take-02 for further review.,present
14,Rainy Harbor Rail.mp4,S04-almost-on-time-take-01.mp4,S04,candidate,15.103991,15.041667,1280,720,24/1,hevc,True,True,c98e7cfec8ae334d2031a5f0fc164c5fa2aa078e8ab9ec8d3b6ee51e70758f9e,,Separate sunset waits and darkening clouds are present.,present
15,Rainy Market Video (1).mp4,S14-wind-and-water-take-01.mp4,S14,repair,15.103991,15.041667,1280,720,24/1,hevc,True,True,5d0d9e26eb04690ff79fbd21d71cd8b787f9575c8fa180243824a5cf837e13d4,,"Around 2-3s charm reappears on Zin Zin bag after it was lost. Gust, alcove and Pyae water crossing are present.",present
16,Rainy Market Video (10).mp4,S19-last-crossing-take-01.mp4,S19,repair,15.103991,15.041667,1280,720,24/1,hevc,True,True,776dbdd8c6c9e8d8183c803864203e626dab8bc27666ada6aeaa67fedc5f2bca,,Around 3-7s spotted charm remains on Zin Zin bag; Pyae Sone also holds recovered charm at end.,present
17,Rainy Market Video (11).mp4,S17-town-of-reflections-take-01.mp4,S17,candidate,15.103991,15.041667,1280,720,24/1,hevc,True,True,48b5bb701815a69ff4b2e52c99f3afd097d866b05a0b52962d7fd4cd5c12e419,,"Downward feet, window reflection, wires and resolve are present.",present
18,Rainy Market Video (2).mp4,S17-town-of-reflections-take-01-duplicate-01.mp4,S17,duplicate,15.103991,15.041667,1280,720,24/1,hevc,True,True,48b5bb701815a69ff4b2e52c99f3afd097d866b05a0b52962d7fd4cd5c12e419,S17-town-of-reflections-take-01.mp4,Exact SHA256 duplicate of S17 take-01.,present
19,Rainy Market Video (3).mp4,S19-last-crossing-take-01-duplicate-01.mp4,S19,duplicate,15.103991,15.041667,1280,720,24/1,hevc,True,True,776dbdd8c6c9e8d8183c803864203e626dab8bc27666ada6aeaa67fedc5f2bca,S19-last-crossing-take-01.mp4,Exact SHA256 duplicate of S19 take-01.,present
20,Rainy Market Video (4).mp4,S21-storm-breaks-take-01.mp4,S21,repair,15.103991,15.041667,1280,720,24/1,hevc,True,True,7b0e22b395450ad12eb71686091bae81b5b62f2e10850a03e0bf17883c5304cf,,Spotted charm visible on Zin Zin bag around 4-7s before return in S26. Moonlit two-person stair separation is present.,present
21,Rainy Market Video (5).mp4,S28-final-image-take-01.mp4,S28,repair,15.103991,15.041667,1280,720,24/1,hevc,True,True,1b9eedb6aa59aca81499202ee16f44fdcdaa4f6462b97b3fbc0a7b44ffcb4d8b,,15s generation is expected per latest remote S28 prompt; source has wide-close-wide cuts instead of continuous waist-level hold. Select five seconds for final edit or retry held composition.,present
22,Rainy Market Video (6).mp4,S26-the-little-promise-take-01.mp4,S26,review,15.103991,15.041667,1280,720,24/1,hevc,True,True,b54c69ecfa6722a208d88366b375dea98c233d9c7ac3ca64b7703d7ebe866983,,Charm return and handhold are present. Plush behind pair is farther away than required; review bag clasp and handhold motion.,present
23,Rainy Market Video (7).mp4,S25-reunion-take-01.mp4,S25,repair,15.103991,15.041667,1280,720,24/1,hevc,True,True,ca9bac458b2a1b67a530ecb2d574be31e8e8697cf3221c4a6223d02171012ff8,,"Recognition and approach are present. Spotted charm is already on Zin Zin bag while Pyae Sone still carries it, before the return in S26.",present
24,Rainy Market Video (8).mp4,S24-first-sight-take-01.mp4,S24,repair,15.103991,15.041667,1280,720,24/1,hevc,True,True,e3e4cc42cda6de63407154c9ca42be879da96347d22a4fdbc56685edee14a492,,At about 9s cuts from held wide to close-up; Zin Zin is holding plush again and spotted charm is back on bag before S26.,present
25,Rainy Market Video (9).mp4,S21-storm-breaks-take-02.mp4,S21,repair,15.103991,15.041667,1280,720,24/1,hevc,True,True,211a7825fc8474473afd03dfb31f69c990a7f4dc43e33f2b6ee82d70834a1321,,Alternate S21; spotted charm visible on Zin Zin bag around 4-7s. Same premature return problem.,present
26,Rainy Market Video.mp4,S07-passing-shadows-take-02.mp4,S07,candidate,15.103991,15.041667,1280,720,24/1,hevc,True,True,781e82b2e32bf1ef4242001b1d74d3f4654aac71b0fd4e4c5a69400947e4f1c6,,"Revised take: intentional two-panel split for roughly 0-3s then wide, two window views and departing bus. Prefer over rejected take-01; dissolves affect exact cut timing.",present
27,s1_01.mp4,S01-01-coastal-town-take-01.mp4,S01,edit,15.103991,15.041667,1280,720,24/1,hevc,True,True,04943901a28b7b6774134eeb5419b5e68fbee1f3c72fb8a7a4ddcbe2212db22d,,Raw 15s individual shot; select 2s for S01.,present
28,s1_02.mp4,S01-02-rail-drops-take-01.mp4,S01,edit,15.103991,15.041667,1280,720,24/1,hevc,True,True,9516d6a8864e35b98f365dfd8f18f5d475aacbc07ed1ded3457ff7d9f94db54c,,Raw 15s individual shot; select 3s for S01.,present
29,s1_03.mp4,S01-03-lighthouse-take-01.mp4,S01,edit,15.103991,15.041667,1280,720,24/1,hevc,True,True,93943587d787b3dd85a829ad0710355de9e61413fcb05d1c981c6899cfa8b99f,,Raw 15s individual shot; select 2s for S01.,present
30,s1_04.mp4,S01-04-zinzin-tram-take-01.mp4,S01,edit,15.103991,15.041667,1280,720,24/1,hevc,True,True,7e47d06934f601e966361cec563ff23fc84129d25acd7f7fdd38b1929b922264,,Raw 15s individual shot; select 3s for S01.,present
31,s1_05.mp4,S01-05-pyaesone-arrival-take-01.mp4,S01,review,15.103991,15.041667,1280,720,24/1,hevc,True,True,caf532b2aa2f316a1c95090801b9a8ede2d7a426111013eb75635ede427aba0b,,Raw 15s individual shot; select 2s for S01. Vehicle background looks tram-like rather than ferry; confirm arrival geography.,present
32,s1_06.mp4,S01-06-separate-gazes-take-01.mp4,S01,review,15.103991,15.041667,1280,720,24/1,hevc,True,True,a33482ce1325aa15d6d239443e8f70f1c974d96561933f2bd0dd75e9a8a24d00,,Raw 15s individual shot; select 3s for S01. Adjacent backgrounds make separation ambiguous; check intentional split-screen.,present
33,s2.mp4,S02-two-journeys-begin-take-01.mp4,S02,candidate,15.103991,15.041667,1280,720,24/1,hevc,True,True,2b5f5e6edca183e55add6e36acec84b63df24465eef2569dc3e42a3fcddf3593,,"Zin arrival, bag insert, Pyae route and harbor wide are present.",present
34,s3.mp4,S03-the-promise-take-01.mp4,S03,candidate,15.103991,15.041667,1280,720,24/1,hevc,True,True,bf3eba7ed3869b5daa1aed6361302114246ec2887a8fba6c3e02ed056a25a21d,,"Warm shared memory, drawing and postcard are present. Check summer-to-present transition timing.",present
35,s5.mp4,S05-first-downpour-take-01.mp4,S05,candidate,15.103991,15.041667,1280,720,24/1,hevc,True,True,7f59e7393f177ecea8d289d7e54fb20e5e7886df0c5bd212624ea26ca3801a44,,"Storm, Zin shelter, Pyae turn and descending route are present.",present
36,Zin Zin's Lighthouse (1).mp4,S27-new-morning-take-01.mp4,S27,repair,15.103991,15.041667,1280,720,24/1,hevc,True,True,14785c38828455e4ea0ce43ae0da4bc2a655a2c1b35b9381bb7ad7c4b9c737c5,,Plush stays by rail but pair stops well away from it in several wide shots; required standing beside toy and rail is lost.,present
37,Zin Zin's Lighthouse.mp4,S22-where-they-began-take-01.mp4,S22,candidate,15.103991,15.041667,1280,720,24/1,hevc,True,True,1f06eb4af3711f51bed7bd655092e515ff60336503678f1fa92b5580025614e0,,"Alone at rail, glance, one plush placement by right shoe and wider rear hold are present.",present
38,Rainy Market Video (12).mp4,S12-summer-memory-take-01.mp4,S12,candidate,15.103991,15.041667,1280,720,24/1,hevc,True,True,ad370f847d8029d563009dd33adfd2b84a0d501338b2165bc0040dc1fe5cb93f,,"Bench pastries between pair, pier walk, laughter and awning memory are present; dissolves replace hard cuts. Sampled frames show no contact-sheet grid.",present
39,Rainy Market Video (13).mp4,S23-the-final-steps-take-01.mp4,S23,repair,15.103991,15.041667,1280,720,24/1,hevc,True,True,52a335143232cee6aeeaf2c6b7947775815ecf35933220e28ccc4b5372e64e2f,,"Stair climb, charm insert, Zin turn and threshold are present. Around 5-8s spotted charm is on Zin bag and she holds teal plush again despite S22 ground placement; Pyae still holds charm.",present
40,Zin Zin's Lighthouse (1).mp4,S27-new-morning-take-01-duplicate-01.mp4,S27,duplicate,15.103991,15.041667,1280,720,24/1,hevc,True,True,14785c38828455e4ea0ce43ae0da4bc2a655a2c1b35b9381bb7ad7c4b9c737c5,S27-new-morning-take-01.mp4,Exact SHA256 duplicate of S27-new-morning-take-01.mp4; re-downloaded after first audit.,present
41,Zin Zin's Lighthouse.mp4,S22-where-they-began-take-01-duplicate-01.mp4,S22,duplicate,15.103991,15.041667,1280,720,24/1,hevc,True,True,1f06eb4af3711f51bed7bd655092e515ff60336503678f1fa92b5580025614e0,S22-where-they-began-take-01.mp4,Exact SHA256 duplicate of S22-where-they-began-take-01.mp4; re-downloaded after first audit.,present
42,Cinematic Anime Video (7).mp4,S16-the-clue-take-01.mp4,S16,candidate,15.103991,15.041667,1280,720,24/1,hevc,True,True,3798bcc02f9389e3e40f0e724993f202bb91f75cdcd3d6b5445a94f308e7b6a2,,"Mural junction, fixed wordless tile picture, recognition with charm and upper stair climb are present. No grid in sampled frames; continuous motion review remains.",present
43,Cinematic Anime Video (8).mp4,S13-different-stairways-take-01.mp4,S13,review,15.103991,15.041667,1280,720,24/1,hevc,True,True,86a6d0404a7f4bd421c57078b433c37df0f91f9945cf2667739fbf0a5ae5ad28,,"Separate west stairs, lower pier route and east stair climb are present. Zin bag lacks spotted charm; Pyae holds recovered charm. Extra Zin front close-up around 10s and weak storm rain deviate from prompt; review cut timing and weather.",present
