shot_id,start_seconds,end_seconds,input_frame,review_source,panel
S01-01,0,2,frames/S01-01-coastal-town.png,storyboards/S01.html,standalone
S01-02,2,5,frames/S01-02-rail-drops.png,storyboards/S01.html,standalone
S01-03,5,7,frames/S01-03-lighthouse.png,storyboards/S01.html,standalone
S01-04,7,10,frames/S01-04-zinzin-tram.png,storyboards/S01.html,standalone
S01-05,10,12,frames/S01-05-pyaesone-pier.png,storyboards/S01.html,standalone
S01-06,12,15,frames/S01-06-parallel-gaze.png,storyboards/S01.html,standalone
S02-01,15,19,frames/S02-01-zinzin-tram-stop.png,storyboards/S02.html,standalone
S02-02,19,22,frames/S02-02-bag-charm.png,storyboards/S02.html,standalone
S02-03,22,26,frames/S02-03-pyaesone-road.png,storyboards/S02.html,standalone
S02-04,26,30,frames/S02-04-separate-routes.png,storyboards/S02.html,standalone
S03-01,30,34,frames/S03-01-summer-overlook.png,storyboards/S03.html,standalone
S03-02,34,38,frames/S03-02-pyaesone-draws.png,storyboards/S03.html,standalone
S03-03,38,42,frames/S03-03-postcard-handoff.png,storyboards/S03.html,standalone
S03-04,42,45,frames/S03-04-postcard-present.png,storyboards/S03.html,standalone
S04-01,45,49,frames/S04-01-input.png,storyboards/S04-combined.png,top_left
S04-02,49,52,frames/S04-02-input.png,storyboards/S04-combined.png,top_right
S04-03,52,56,frames/S04-03-input.png,storyboards/S04-combined.png,bottom_left
S04-04,56,60,frames/S04-04-input.png,storyboards/S04-combined.png,bottom_right
S05-01,60,64,frames/S05-01-input.png,storyboards/S05-combined.png,top_left
S05-02,64,68,frames/S05-02-input.png,storyboards/S05-combined.png,top_right
S05-03,68,72,frames/S05-03-input.png,storyboards/S05-combined.png,bottom_left
S05-04,72,75,frames/S05-04-input.png,storyboards/S05-combined.png,bottom_right
S06-01,75,79,frames/S06-01-input.png,storyboards/S06-combined.png,top_left
S06-02,79,82,frames/S06-02-input.png,storyboards/S06-combined.png,top_right
S06-03,82,86,frames/S06-03-input.png,storyboards/S06-combined.png,bottom_left
S06-04,86,90,frames/S06-04-input.png,storyboards/S06-combined.png,bottom_right
S07-01,90,94,frames/S07-01-bus-between.png,storyboards/S07-combined.png,standalone
S07-02,94,98,frames/S07-02-zinzin-through-bus.png,storyboards/S07-combined.png,standalone
S07-03,98,102,frames/S07-03-pyaesone-through-bus.png,storyboards/S07-combined.png,standalone
S07-04,102,105,frames/S07-04-bus-clears.png,storyboards/S07-combined.png,standalone
S08-01,105,109,frames/S08-01-input.png,storyboards/S08-combined-v2.png,top_left
S08-02,109,113,frames/S08-02-input.png,storyboards/S08-combined-v2.png,top_right
S08-03,113,117,frames/S08-03-input.png,storyboards/S08-combined-v2.png,bottom_left
S08-04,117,120,frames/S08-04-input.png,storyboards/S08-combined-v2.png,bottom_right
S09-01,120,124,frames/S09-01-input.png,storyboards/S09-combined-v2.png,top_left
S09-02,124,128,frames/S09-02-input.png,storyboards/S09-combined-v2.png,top_right
S09-03,128,131,frames/S09-03-input.png,storyboards/S09-combined-v2.png,bottom_left
S09-04,131,135,frames/S09-04-input.png,storyboards/S09-combined-v2.png,bottom_right
S10-01,135,139,frames/S10-01-input.png,storyboards/S10-combined-v2.png,top_left
S10-02,139,143,frames/S10-02-input.png,storyboards/S10-combined-v2.png,top_right
S10-03,143,146,frames/S10-03-input.png,storyboards/S10-combined-v2.png,bottom_left
S10-04,146,150,frames/S10-04-input.png,storyboards/S10-combined-v2.png,bottom_right
S11-01,150,154,frames/S11-01-input.png,storyboards/S11-combined.png,top_left
S11-02,154,158,frames/S11-02-input.png,storyboards/S11-combined.png,top_right
S11-03,158,162,frames/S11-03-input.png,storyboards/S11-combined.png,bottom_left
S11-04,162,165,frames/S11-04-input.png,storyboards/S11-combined.png,bottom_right
S12-01,165,169,frames/S12-01-input.png,storyboards/S12-combined.png,top_left
S12-02,169,173,frames/S12-02-input.png,storyboards/S12-combined.png,top_right
S12-03,173,176,frames/S12-03-input.png,storyboards/S12-combined.png,bottom_left
S12-04,176,180,frames/S12-04-input.png,storyboards/S12-combined.png,bottom_right
S13-01,180,184,frames/S13-01-input.png,storyboards/S13-combined-v2.png,top_left
S13-02,184,188,frames/S13-02-input.png,storyboards/S13-combined-v2.png,top_right
S13-03,188,192,frames/S13-03-input.png,storyboards/S13-combined-v2.png,bottom_left
S13-04,192,195,frames/S13-04-input.png,storyboards/S13-combined-v2.png,bottom_right
S14-01,195,199,frames/S14-01-input.png,storyboards/S14-combined.png,top_left
S14-02,199,203,frames/S14-02-input.png,storyboards/S14-combined.png,top_right
S14-03,203,207,frames/S14-03-input.png,storyboards/S14-combined.png,bottom_left
S14-04,207,210,frames/S14-04-input.png,storyboards/S14-combined.png,bottom_right
S15-01,210,214,frames/S15-01-input.png,storyboards/S15-combined.png,top_left
S15-02,214,218,frames/S15-02-input.png,storyboards/S15-combined.png,top_right
S15-03,218,222,frames/S15-03-input.png,storyboards/S15-combined.png,bottom_left
S15-04,222,225,frames/S15-04-input.png,storyboards/S15-combined.png,bottom_right
S16-01,225,229,frames/S16-01-input.png,storyboards/S16-combined.png,top_left
S16-02,229,233,frames/S16-02-input.png,storyboards/S16-combined.png,top_right
S16-03,233,237,frames/S16-03-input.png,storyboards/S16-combined.png,bottom_left
S16-04,237,240,frames/S16-04-input.png,storyboards/S16-combined.png,bottom_right
S17-01,240,244,frames/S17-01-input.png,storyboards/S17-combined.png,top_left
S17-02,244,248,frames/S17-02-input.png,storyboards/S17-combined.png,top_right
S17-03,248,252,frames/S17-03-input.png,storyboards/S17-combined.png,bottom_left
S17-04,252,255,frames/S17-04-input.png,storyboards/S17-combined.png,bottom_right
S18-01,255,259,frames/S18-01-input.png,storyboards/S18-combined.png,top_left
S18-02,259,263,frames/S18-02-input.png,storyboards/S18-combined.png,top_right
S18-03,263,267,frames/S18-03-input.png,storyboards/S18-combined.png,bottom_left
S18-04,267,270,frames/S18-04-input.png,storyboards/S18-combined.png,bottom_right
S19-01,270,274,frames/S19-01-input.png,storyboards/S19-combined-v3.png,top_left
S19-02,274,278,frames/S19-02-input.png,storyboards/S19-combined-v3.png,top_right
S19-03,278,281,frames/S19-03-input.png,storyboards/S19-combined-v3.png,bottom_left
S19-04,281,285,frames/S19-04-input.png,storyboards/S19-combined-v3.png,bottom_right
S20-01,285,289,frames/S20-01-input.png,storyboards/S20-combined-v3.png,top_left
S20-02,289,293,frames/S20-02-input.png,storyboards/S20-combined-v3.png,top_right
S20-03,293,297,frames/S20-03-input.png,storyboards/S20-combined-v3.png,bottom_left
S20-04,297,300,frames/S20-04-input.png,storyboards/S20-combined-v3.png,bottom_right
S21-01,300,304,frames/S21-01-input.png,storyboards/S21-combined-v3.png,top_left
S21-02,304,308,frames/S21-02-input.png,storyboards/S21-combined-v3.png,top_right
S21-03,308,312,frames/S21-03-input.png,storyboards/S21-combined-v3.png,bottom_left
S21-04,312,315,frames/S21-04-input.png,storyboards/S21-combined-v3.png,bottom_right
S22-01,315,319,frames/S22-01-input.png,storyboards/S22-combined-v2.png,top_left
S22-02,319,323,frames/S22-02-input.png,storyboards/S22-combined-v2.png,top_right
S22-03,323,327,frames/S22-03-input.png,storyboards/S22-combined-v2.png,bottom_left
S22-04,327,330,frames/S22-04-input.png,storyboards/S22-combined-v2.png,bottom_right
S23-01,330,334,frames/S23-01-input.png,storyboards/S23-combined.png,top_left
S23-02,334,338,frames/S23-02-input.png,storyboards/S23-combined.png,top_right
S23-03,338,342,frames/S23-03-input.png,storyboards/S23-combined.png,bottom_left
S23-04,342,345,frames/S23-04-input.png,storyboards/S23-combined.png,bottom_right
S24-01,345,360,frames/S24-01-first-sight.png,frames/S24-01-first-sight.png,standalone
S25-01,360,364,frames/S25-01-input.png,storyboards/S25-combined.png,top_left
S25-02,364,368,frames/S25-02-input.png,storyboards/S25-combined.png,top_right
S25-03,368,372,frames/S25-03-input.png,storyboards/S25-combined.png,bottom_left
S25-04,372,375,frames/S25-04-input.png,storyboards/S25-combined.png,bottom_right
S26-01,375,379,frames/S26-01-input.png,storyboards/S26-combined.png,top_left
S26-02,379,383,frames/S26-02-input.png,storyboards/S26-combined.png,top_right
S26-03,383,387,frames/S26-03-input.png,storyboards/S26-combined.png,bottom_left
S26-04,387,390,frames/S26-04-input.png,storyboards/S26-combined.png,bottom_right
S27-01,390,394,frames/S27-01-input.png,storyboards/S27-combined-v3.png,top_left
S27-02,394,398,frames/S27-02-input.png,storyboards/S27-combined-v3.png,top_right
S27-03,398,401,frames/S27-03-input.png,storyboards/S27-combined-v3.png,bottom_left
S27-04,401,405,frames/S27-04-input.png,storyboards/S27-combined-v3.png,bottom_right
S28-01,405,410,frames/S28-01-final-image-v2.png,frames/S28-01-final-image-v2.png,standalone
